VehicleId,DepotId,InitialLoad,RouteSequence,ClientsServed,DemandsSatisfied,TotalDistance,TotalTime,FuelCost
1,1,102,1-12-21-7-19-2-18-13-1,7,12-14-17-11-15-12-21,48.945077,2.154273,26593.492002
2,1,113,1-8-5-17-24-11-9-1,6,20-20-25-11-17-20,45.585389,2.006399,24768.06148
3,1,117,1-6-22-1-4-10-16-15-3-1,8,17-18-13-15-15-10-17-12,50.826966,2.237102,27615.984743
4,1,45,1-20-23-14-1,3,15-15-15,10.180289,0.448076,5531.290599
