VehicleId,DepotId,InitialLoad,RouteSequence,ClientsServed,DemandsSatisfied,TotalDistance,TotalTime,FuelCost
1,1,128,1-15-1-16-10-24-11-9-17-1,8,17-13-10-15-11-17-20-25,56.339222,2.479719,30610.977411
2,1,128,1-14-3-6-2-19-7-21-12-23-1,9,15-12-17-15-11-17-14-12-15,46.053698,2.027011,25022.509088
3,1,106,1-8-5-18-13-4-22-1,6,20-20-12-21-15-18,41.45274,1.824504,22522.655141
4,1,15,1-20-1,1,15,7.056246,0.310574,3833.893807
